<?xml version="1.0" encoding="UTF-8"?>

<!DOCTYPE tiles-definitions PUBLIC "-//Apache Software Foundation//DTD Tiles Configuration 2.1//EN" "http://tiles.apache.org/dtds/tiles-config_2_1.dtd">

<tiles-definitions>

	<!-- * : 변수 역할 -->
	<!-- 
	<definition name="*.*" template="/WEB-INF/views/layout/main.jsp">
		<put-attribute name="asset" value="/WEB-INF/views/inc/asset.jsp"></put-attribute>
		<put-attribute name="mainmenu" value="/WEB-INF/views/inc/mainmenu.jsp"></put-attribute>
		<put-attribute name="submenu" value="/WEB-INF/views/inc/submenu_{1}.jsp"></put-attribute>
		<put-attribute name="content" value="/WEB-INF/views/{1}/{2}.jsp"></put-attribute>
	</definition> 
	-->
	
	<definition name="mainpage" template="/WEB-INF/views/layout/board.jsp">
		<put-attribute name="asset" value="/WEB-INF/views/inc/asset.jsp"></put-attribute>
		<put-attribute name="header" value="/WEB-INF/views/inc/mainHeader.jsp"></put-attribute>
		<put-attribute name="footer" value="/WEB-INF/views/inc/footer.jsp"></put-attribute>
		<put-attribute name="content" value="/WEB-INF/views/content/mainpage.jsp"></put-attribute>
	</definition>
	
	
	<definition name="*" template="/WEB-INF/views/layout/board.jsp">
		<put-attribute name="asset" value="/WEB-INF/views/inc/asset.jsp"></put-attribute>
		<put-attribute name="header" value="/WEB-INF/views/inc/header.jsp"></put-attribute>
		<put-attribute name="footer" value="/WEB-INF/views/inc/footer.jsp"></put-attribute>
		<put-attribute name="content" value="/WEB-INF/views/content/{1}.jsp"></put-attribute>
	</definition>
	

	
</tiles-definitions>
