<?xml version="1.0" encoding="UTF-8"?>
<beans xmlns="http://www.springframework.org/schema/beans"
	xmlns:xsi="http://www.w3.org/2001/XMLSchema-instance"
	xsi:schemaLocation="http://www.springframework.org/schema/beans https://www.springframework.org/schema/beans/spring-beans.xsd">
	
	<!-- Root Context: defines shared resources visible to all other web components -->
	
	<!--  
	 JDBC : Connection
	 Spring-JDBC : DriverManagerDataSource
	 MyBatis : BasicDataSource
	 -->
	 <!-- Connection 역할 -->
	 <bean class="org.apache.commons.dbcp.BasicDataSource" id="datasource">
	 	<property name="driverClassName" value="oracle.jdbc.driver.OracleDriver"></property>
	 	<property name="url" value="jdbc:oracle:thin:@localhost:1521:xe"></property>
	 	<property name="username" value="project4_server"></property>
	 	<property name="password" value="java1234"></property>
	 </bean>




	<!-- log4j 객체 : 데이터베이스 작업 객체의 업무 사이에 끼어들어 현제 작업하는 내용을 로그로 남기는 역할 -->
	<bean id="log4j" class="net.sf.log4jdbc.Log4jdbcProxyDataSource">
		<constructor-arg ref="datasource" />
		<property name="logFormatter">
			<bean class="net.sf.log4jdbc.tools.Log4JdbcCustomFormatter">
				<property value="MULTI_LINE" name="loggingType" />
				<property value="[SQL] " name="sqlPrefix" />
			</bean>
		</property>
	</bean>
	 
	 
	 
	 <!-- 
	  JDBC : Statement/PreparedStatement/CallableStatement
	  Spring-JDBC : JdbcTemplate
	  MyBatis : SqlSessionTemplate(+SqlSessionFactoryBean)
	  -->
	  <bean class="org.mybatis.spring.SqlSessionFactoryBean" id="sessionfactory">
	  	<property name="dataSource" ref="log4j"></property>
	  	<property name="mapperLocations" value="classpath*:com/test/project4/mapper/*.xml"></property>
	  	<property name="configLocation" value="/WEB-INF/mybatis.xml"></property>
	  </bean>
	 	
	 	
	 	
	 	
	 	
	 	
	 	
	 <!-- 
	 JDBC : Statement/PreparedStatement/CallableStatement 반환값 or ResultSet
	 Spring-JDBC : JdbcTemplate
	 MyBatis : SqlSessionTemplate
	  -->
	  <!-- 쿼리 날려주는 역할 -->
	  <bean class="org.mybatis.spring.SqlSessionTemplate">
	  	<constructor-arg ref='sessionfactory'></constructor-arg>
	  </bean>
	  	
</beans>
